AreaName,AvgTrafficVolume,AvgSpeed,NumIntersections,TotalIncidents
Electronic City,16346,43.66188405797105,2,431
Hebbal,26533,40.14981052631577,2,1489
Indiranagar,32284,38.644290697674414,2,3057
Jayanagar,24601,39.78961636828643,2,1740
Koramangala,40832,36.06271994134899,2,2519
M.G. Road,35300,37.53520986009328,2,2799
Whitefield,21295,42.1408492569002,2,1202
Yeshwanthpur,18931,43.4474659400545,2,796
